V,E,density,seed,solver,graph,min_s,median_s
200,199,0.01,11,kruskals,list,0.0005085610000605811,0.0008944999999584979
200,199,0.01,11,kruskals,matrix,0.0011777619999975286,0.0017691499999727966
200,199,0.01,11,prims,list,0.0010552699998243043,0.0018988920000992948
200,199,0.01,11,prims,matrix,0.0020640140000978136,0.0035040780001054372
200,199,0.01,22,kruskals,list,0.0005143840000982891,0.0005292399998779729
200,199,0.01,22,kruskals,matrix,0.0011671259999275208,0.0013006740000491845
200,199,0.01,22,prims,list,0.0011332510000556795,0.0011784789999182976
200,199,0.01,22,prims,matrix,0.0020623230000182957,0.002131490000010672
200,199,0.01,33,kruskals,list,0.0004930820000481617,0.0006264960002226871
200,199,0.01,33,kruskals,matrix,0.0011487570000099367,0.0012985410000965203
200,199,0.01,33,prims,list,0.0011087440000210336,0.001249680000000808
200,199,0.01,33,prims,matrix,0.002088967999952729,0.002350276000015583
200,199,0.01,44,kruskals,list,0.0005151660000137781,0.0005397909999373951
200,199,0.01,44,kruskals,matrix,0.0011713669998698606,0.0012292660001094191
200,199,0.01,44,prims,list,0.0011237530000016704,0.001157959000011033
200,199,0.01,44,prims,matrix,0.0020936999999321415,0.0021882379999169643
200,199,0.01,55,kruskals,list,0.0005113479999181436,0.0006452089999129385
200,199,0.01,55,kruskals,matrix,0.0012715689999822644,0.001498962000141546
200,199,0.01,55,prims,list,0.0011240229998747964,0.0014073879999614292
200,199,0.01,55,prims,matrix,0.0020553199999540084,0.0024558820000493142
200,199,0.01,66,kruskals,list,0.0005429330001334165,0.0007601570000588254
200,199,0.01,66,kruskals,matrix,0.0012189470000976144,0.0016355270001895406
200,199,0.01,66,prims,list,0.0011493329998302215,0.0016498059999321413
200,199,0.01,66,prims,matrix,0.002133341999979166,0.0032648700000663666
200,199,0.01,77,kruskals,list,0.0005285439999624941,0.0006022980001034739
200,199,0.01,77,kruskals,matrix,0.001170030000139377,0.0012633049998385104
200,199,0.01,77,prims,list,0.0011047549999148032,0.00122942799998782
200,199,0.01,77,prims,matrix,0.00206277899997076,0.002193305999981021
200,199,0.01,88,kruskals,list,0.0005100630000924866,0.0005483229999754258
200,199,0.01,88,kruskals,matrix,0.001161843000090812,0.0012417980001373508
200,199,0.01,88,prims,list,0.0010181400000419671,0.0010596059998988494
200,199,0.01,88,prims,matrix,0.00193388299999242,0.002031299999998737
200,398,0.02,11,kruskals,list,0.0009395570000378939,0.000978964000069027
200,398,0.02,11,kruskals,matrix,0.0015292130001398618,0.0016530460000012681
200,398,0.02,11,prims,list,0.001377710999804549,0.001417966000190063
200,398,0.02,11,prims,matrix,0.00232867299996542,0.002408490999869173
200,398,0.02,22,kruskals,list,0.0009701359999780834,0.0010186259999045433
200,398,0.02,22,kruskals,matrix,0.0015771969999605062,0.0017332590000478376
200,398,0.02,22,prims,list,0.001415515000189771,0.0015215900000384863
200,398,0.02,22,prims,matrix,0.0023524610001004476,0.00259326700006568
200,398,0.02,33,kruskals,list,0.0009595000001354492,0.0010176670000419108
200,398,0.02,33,kruskals,matrix,0.0015705670000443206,0.0016237370000453666
200,398,0.02,33,prims,list,0.0013985279999815248,0.0015028189998247399
200,398,0.02,33,prims,matrix,0.0023776049999924,0.0024991660000068805
200,398,0.02,44,kruskals,list,0.0009343420001641789,0.001001133000045229
200,398,0.02,44,kruskals,matrix,0.0015714389999175182,0.0016347829998721863
200,398,0.02,44,prims,list,0.001364532000025065,0.0014686070001062035
200,398,0.02,44,prims,matrix,0.0023153800000272895,0.0024866660000952834
200,398,0.02,55,kruskals,list,0.0009651029999986349,0.0015731440000763541
200,398,0.02,55,kruskals,matrix,0.0015890709998984676,0.0024117000000387634
200,398,0.02,55,prims,list,0.001400757000055819,0.0025354070000958018
200,398,0.02,55,prims,matrix,0.0023423880002155784,0.004213445999994292
200,398,0.02,66,kruskals,list,0.0009536229999866919,0.0009873359999801323
200,398,0.02,66,kruskals,matrix,0.0015479259998301131,0.0016384689999995317
200,398,0.02,66,prims,list,0.0013641570001254877,0.0014343520001602883
200,398,0.02,66,prims,matrix,0.0023106470000584522,0.002416246999928262
200,398,0.02,77,kruskals,list,0.0009505269999863231,0.0010142799999357521
200,398,0.02,77,kruskals,matrix,0.0015900159999091557,0.001692549999916082
200,398,0.02,77,prims,list,0.0013654259998929774,0.0015451079998456407
200,398,0.02,77,prims,matrix,0.0023264080000444665,0.0026006159998814837
200,398,0.02,88,kruskals,list,0.0009533590000501135,0.0012287400002151116
200,398,0.02,88,kruskals,matrix,0.001611614000012196,0.002107244999933755
200,398,0.02,88,prims,list,0.0014636690000315866,0.001974913000140077
200,398,0.02,88,prims,matrix,0.002437917999941419,0.0029605919999085017
200,597,0.03,11,kruskals,list,0.0013430039998638676,0.0014266790001329355
200,597,0.03,11,kruskals,matrix,0.0019444339998244686,0.0020774710001205676
200,597,0.03,11,prims,list,0.0015414359997976135,0.001643718999957855
200,597,0.03,11,prims,matrix,0.002506868999944345,0.0026644270001270343
200,597,0.03,22,kruskals,list,0.0014001889999235573,0.0019863899999563728
200,597,0.03,22,kruskals,matrix,0.0020008869998946466,0.0023772900001404196
200,597,0.03,22,prims,list,0.0015184920000592683,0.001776711000047726
200,597,0.03,22,prims,matrix,0.002489731000196116,0.0030614530001003004
200,597,0.03,33,kruskals,list,0.0013104780000503524,0.001471858000059001
200,597,0.03,33,kruskals,matrix,0.0019270919999598846,0.002062697000155822
200,597,0.03,33,prims,list,0.001577310000129728,0.0016365579999728652
200,597,0.03,33,prims,matrix,0.002496338999890213,0.0026287260000117385
200,597,0.03,44,kruskals,list,0.0013974510000025475,0.0015483770000628283
200,597,0.03,44,kruskals,matrix,0.0020127420000335405,0.00213114799998948
200,597,0.03,44,prims,list,0.0015548520000265853,0.0017109269999764365
200,597,0.03,44,prims,matrix,0.00256100299998252,0.002766176000022824
200,597,0.03,55,kruskals,list,0.0014465209999343642,0.0017174459999296232
200,597,0.03,55,kruskals,matrix,0.0020088679998480075,0.0026422099999763304
200,597,0.03,55,prims,list,0.0015165190000061557,0.0017305010001109622
200,597,0.03,55,prims,matrix,0.0024891860000479937,0.003511873999968884
200,597,0.03,66,kruskals,list,0.001344351999932769,0.0014548159999776544
200,597,0.03,66,kruskals,matrix,0.0019877060001363134,0.0020453680001537577
200,597,0.03,66,prims,list,0.0015220110001337162,0.0016301430000567052
200,597,0.03,66,prims,matrix,0.002459512000086761,0.002819139999928666
200,597,0.03,77,kruskals,list,0.0014112139999724604,0.001453770999887638
200,597,0.03,77,kruskals,matrix,0.002013128000044162,0.002080284000157917
200,597,0.03,77,prims,list,0.0015728819998912513,0.001712284000177533
200,597,0.03,77,prims,matrix,0.0025497340000129043,0.0027635559999907855
200,597,0.03,88,kruskals,list,0.0013151129999187106,0.0013997030000609811
200,597,0.03,88,kruskals,matrix,0.0019184310001492122,0.0020108659998641087
200,597,0.03,88,prims,list,0.0015675469999223424,0.0016613820000657142
200,597,0.03,88,prims,matrix,0.0025046189998647606,0.0026786949999859644
200,796,0.04,11,kruskals,list,0.001712828000108857,0.0018404559998543846
200,796,0.04,11,kruskals,matrix,0.0021958099998755642,0.0023449430000255234
200,796,0.04,11,prims,list,0.0016996269998799107,0.0017982059998757904
200,796,0.04,11,prims,matrix,0.00262522999992143,0.0027863699999670644
200,796,0.04,22,kruskals,list,0.0018500249998396612,0.001954169000100592
200,796,0.04,22,kruskals,matrix,0.002399663000005603,0.0025159209999401355
200,796,0.04,22,prims,list,0.0016587640000125248,0.0017697870000574767
200,796,0.04,22,prims,matrix,0.002634312000054706,0.0027920119998725568
200,796,0.04,33,kruskals,list,0.0017558179999923595,0.0018244560001221544
200,796,0.04,33,kruskals,matrix,0.0022976679999828775,0.00240525900017019
200,796,0.04,33,prims,list,0.0016439720000107627,0.0017426019999220443
200,796,0.04,33,prims,matrix,0.002634771999964869,0.0027902290000838548
200,796,0.04,44,kruskals,list,0.001739694999969288,0.0024679999999079882
200,796,0.04,44,kruskals,matrix,0.002418688000034308,0.0033963420000873157
200,796,0.04,44,prims,list,0.0016598160000285134,0.002508922999822971
200,796,0.04,44,prims,matrix,0.002662676999989344,0.004163549000168132
200,796,0.04,55,kruskals,list,0.0018020970001089154,0.0019468729999516654
200,796,0.04,55,kruskals,matrix,0.0022852130000501347,0.0027114689999052644
200,796,0.04,55,prims,list,0.0016663590001826378,0.001972662000071068
200,796,0.04,55,prims,matrix,0.002613275999920006,0.002946285000007265
200,796,0.04,66,kruskals,list,0.0017922259999068046,0.0018910720000349102
200,796,0.04,66,kruskals,matrix,0.002310903000079634,0.0024670780001088133
200,796,0.04,66,prims,list,0.001673213999993095,0.00180518199999824
200,796,0.04,66,prims,matrix,0.002713757999799782,0.0029731960000844992
200,796,0.04,77,kruskals,list,0.0017606240000986872,0.0021783009999580827
200,796,0.04,77,kruskals,matrix,0.0022704749999320484,0.0025659520001681813
200,796,0.04,77,prims,list,0.0016900619998523325,0.0018975179998506064
200,796,0.04,77,prims,matrix,0.0026572680001208937,0.0032923869998739974
200,796,0.04,88,kruskals,list,0.001781153999900198,0.001846333000003142
200,796,0.04,88,kruskals,matrix,0.002288151000129801,0.002421779999849605
200,796,0.04,88,prims,list,0.0017071990000658843,0.0018020750001142005
200,796,0.04,88,prims,matrix,0.002687590000050477,0.0028012829998260713
200,995,0.05,11,kruskals,list,0.002127842999925633,0.003149485999983881
200,995,0.05,11,kruskals,matrix,0.0026235670000005484,0.003997111999979097
200,995,0.05,11,prims,list,0.0019718129999546363,0.002516585999956078
200,995,0.05,11,prims,matrix,0.003029072999879645,0.003975966000098197
200,995,0.05,22,kruskals,list,0.0021931100000074366,0.003243936999979269
200,995,0.05,22,kruskals,matrix,0.002816257999938898,0.003807178999977623
200,995,0.05,22,prims,list,0.0018768410000120639,0.0026272350000908773
200,995,0.05,22,prims,matrix,0.002909884000018792,0.0040935460001492174
200,995,0.05,33,kruskals,list,0.003107808000095247,0.0033224870001049567
200,995,0.05,33,kruskals,matrix,0.0038776870001129282,0.003993239000010362
200,995,0.05,33,prims,list,0.002927127000020846,0.0031100460000743624
200,995,0.05,33,prims,matrix,0.004522662999988825,0.004702801999883377
200,995,0.05,44,kruskals,list,0.002177622000090196,0.003407954999829599
200,995,0.05,44,kruskals,matrix,0.002664632999994865,0.004115576000003784
200,995,0.05,44,prims,list,0.0017893650001497008,0.0031223249998220126
200,995,0.05,44,prims,matrix,0.0027703529999598686,0.004674896000096851
200,995,0.05,55,kruskals,list,0.0021435670000755636,0.0022134749999622727
200,995,0.05,55,kruskals,matrix,0.002626854000027379,0.002728760999843871
200,995,0.05,55,prims,list,0.0017895659998430347,0.0018323429999327345
200,995,0.05,55,prims,matrix,0.002721224999959304,0.00282124900013514
200,995,0.05,66,kruskals,list,0.002088741000079608,0.002127848999862181
200,995,0.05,66,kruskals,matrix,0.0026215370000954863,0.0026520090000303753
200,995,0.05,66,prims,list,0.0017594470000403817,0.0018059449998872878
200,995,0.05,66,prims,matrix,0.002721836000091571,0.0027730399999654765
200,995,0.05,77,kruskals,list,0.002133789000026809,0.002181326000027184
200,995,0.05,77,kruskals,matrix,0.002632467000012184,0.002699657999983174
200,995,0.05,77,prims,list,0.0017990209998970386,0.0018122159999620635
200,995,0.05,77,prims,matrix,0.0027175939999324328,0.002797451999867917
200,995,0.05,88,kruskals,list,0.002229440000064642,0.0030773139999382693
200,995,0.05,88,kruskals,matrix,0.0027211350000015955,0.0028703810000934027
200,995,0.05,88,prims,list,0.0018333339999117015,0.0019470319998617924
200,995,0.05,88,prims,matrix,0.002808802000117794,0.0038105129999621568
200,1194,0.06,11,kruskals,list,0.0025545270000293385,0.002706394000142609
200,1194,0.06,11,kruskals,matrix,0.003024029000016526,0.003224290000162
200,1194,0.06,11,prims,list,0.0018884969999817258,0.0020355840001684555
200,1194,0.06,11,prims,matrix,0.0028575619999173796,0.0032436250000955624
200,1194,0.06,22,kruskals,list,0.002636157000097228,0.002954369000008228
200,1194,0.06,22,kruskals,matrix,0.003056884999978138,0.003306811000129528
200,1194,0.06,22,prims,list,0.0019017889999304316,0.002416061999838348
200,1194,0.06,22,prims,matrix,0.002959315999987666,0.003432171999975253
200,1194,0.06,33,kruskals,list,0.0025239250001050095,0.003859668000131933
200,1194,0.06,33,kruskals,matrix,0.00310886100010066,0.004671596999969552
200,1194,0.06,33,prims,list,0.0018985880001309852,0.003198610000026747
200,1194,0.06,33,prims,matrix,0.002962683000077959,0.004596894000087559
200,1194,0.06,44,kruskals,list,0.002700463000110176,0.004065480999997817
200,1194,0.06,44,kruskals,matrix,0.003122797000060018,0.004697331999977905
200,1194,0.06,44,prims,list,0.0019620059999851946,0.0031849350000356935
200,1194,0.06,44,prims,matrix,0.0028716809999878024,0.004864537000003111
200,1194,0.06,55,kruskals,list,0.0025884750000386703,0.00265957199985678
200,1194,0.06,55,kruskals,matrix,0.003056804999914675,0.0032167220001610985
200,1194,0.06,55,prims,list,0.0019016860001102032,0.0019612349999533762
200,1194,0.06,55,prims,matrix,0.0028442630000427016,0.0030100359999778448
200,1194,0.06,66,kruskals,list,0.002523945000120875,0.002799159000005602
200,1194,0.06,66,kruskals,matrix,0.003086396000071545,0.0032624509999550355
200,1194,0.06,66,prims,list,0.001911331999963295,0.002010035000012067
200,1194,0.06,66,prims,matrix,0.002880802000163385,0.0031333189999713795
200,1194,0.06,77,kruskals,list,0.0025815499998316227,0.003591022999898996
200,1194,0.06,77,kruskals,matrix,0.003045639999982086,0.004076339999983247
200,1194,0.06,77,prims,list,0.001923127000054592,0.002692306999961147
200,1194,0.06,77,prims,matrix,0.0028457759999582777,0.004084114000079353
200,1194,0.06,88,kruskals,list,0.0026302339999801916,0.0034324040000228706
200,1194,0.06,88,kruskals,matrix,0.00299106300008134,0.003670732000045973
200,1194,0.06,88,prims,list,0.001906453999936275,0.002772928000013053
200,1194,0.06,88,prims,matrix,0.002868617999865819,0.0029924499999651744
200,1393,0.07,11,kruskals,list,0.0035942599999998492,0.004080166999983703
200,1393,0.07,11,kruskals,matrix,0.004092657999990479,0.004471713999919302
200,1393,0.07,11,prims,list,0.0021561880000717792,0.0030583509999360103
200,1393,0.07,11,prims,matrix,0.0034358129998963705,0.004210733000036271
200,1393,0.07,22,kruskals,list,0.0029786319998947874,0.003917761999900904
200,1393,0.07,22,kruskals,matrix,0.0035346070001196495,0.004601229999934731
200,1393,0.07,22,prims,list,0.0020600099999228405,0.0029830610001226887
200,1393,0.07,22,prims,matrix,0.003089684999849851,0.004267940000090675
200,1393,0.07,33,kruskals,list,0.002932119999968563,0.0032800960000258783
200,1393,0.07,33,kruskals,matrix,0.0034034359998713626,0.0036004579999371344
200,1393,0.07,33,prims,list,0.0020473699999001838,0.002136492000090584
200,1393,0.07,33,prims,matrix,0.0029671080001207883,0.0031701160000920936
200,1393,0.07,44,kruskals,list,0.002982903999964037,0.0038833659998545045
200,1393,0.07,44,kruskals,matrix,0.003312427999844658,0.004575903999921138
200,1393,0.07,44,prims,list,0.002038212000115891,0.003045702999997957
200,1393,0.07,44,prims,matrix,0.0029705090000788914,0.004054087999975309
200,1393,0.07,55,kruskals,list,0.003157211999905485,0.004986484000028213
200,1393,0.07,55,kruskals,matrix,0.0037587770000300225,0.005531369999971503
200,1393,0.07,55,prims,list,0.0027466259998618625,0.0037389560000065103
200,1393,0.07,55,prims,matrix,0.003740436000043701,0.005413288999989163
200,1393,0.07,66,kruskals,list,0.0030118599997877027,0.0033609970000725298
200,1393,0.07,66,kruskals,matrix,0.00346089499998925,0.00374389900002825
200,1393,0.07,66,prims,list,0.002033438000125898,0.0021856519999801094
200,1393,0.07,66,prims,matrix,0.0029692049999994197,0.003236016000073505
200,1393,0.07,77,kruskals,list,0.0029619269998875097,0.0031195369999750255
200,1393,0.07,77,kruskals,matrix,0.0034785679999913555,0.003545807999898898
200,1393,0.07,77,prims,list,0.0020488039999690955,0.002194545000065773
200,1393,0.07,77,prims,matrix,0.0029963790000238077,0.0032331760000943177
200,1393,0.07,88,kruskals,list,0.0028917619999901945,0.0030485439999665687
200,1393,0.07,88,kruskals,matrix,0.0033141489998342877,0.0035612839999430435
200,1393,0.07,88,prims,list,0.0020400480000262178,0.0021941990000868827
200,1393,0.07,88,prims,matrix,0.003025758000148926,0.0031565620001856587
200,1592,0.08,11,kruskals,list,0.003361189999850467,0.0035343509998710942
200,1592,0.08,11,kruskals,matrix,0.0037254690000736446,0.00401388099999167
200,1592,0.08,11,prims,list,0.0021800429999530024,0.0023569320001115557
200,1592,0.08,11,prims,matrix,0.0032199520001086057,0.003307309999854624
200,1592,0.08,22,kruskals,list,0.003381474999969214,0.0035941950000051293
200,1592,0.08,22,kruskals,matrix,0.0037365529999533464,0.003987364000067828
200,1592,0.08,22,prims,list,0.0021615660000406933,0.002285107000034259
200,1592,0.08,22,prims,matrix,0.0031521900000370806,0.0032871890000478743
200,1592,0.08,33,kruskals,list,0.00333717099988462,0.005013060999999652
200,1592,0.08,33,kruskals,matrix,0.0037473160000445205,0.004119594000030702
200,1592,0.08,33,prims,list,0.002094232999979795,0.0023059029999785707
200,1592,0.08,33,prims,matrix,0.003065639999931591,0.003353273999891826
200,1592,0.08,44,kruskals,list,0.003310003000024153,0.00372871300010047
200,1592,0.08,44,kruskals,matrix,0.003728428999920652,0.004084981000005428
200,1592,0.08,44,prims,list,0.002157040000156485,0.0023085519999312965
200,1592,0.08,44,prims,matrix,0.0031076889999894775,0.003913913999895158
200,1592,0.08,55,kruskals,list,0.0033786070000587642,0.003612689999954455
200,1592,0.08,55,kruskals,matrix,0.0037401960000806866,0.0040549590000864555
200,1592,0.08,55,prims,list,0.002152280000018436,0.002308985999889046
200,1592,0.08,55,prims,matrix,0.003142066000009436,0.0033529760000874376
200,1592,0.08,66,kruskals,list,0.0033113879999291385,0.0038101790000837354
200,1592,0.08,66,kruskals,matrix,0.0037314559999686026,0.004348982999999862
200,1592,0.08,66,prims,list,0.0021930860000338726,0.0023374910001621174
200,1592,0.08,66,prims,matrix,0.003145687000142061,0.003664870999955383
200,1592,0.08,77,kruskals,list,0.0033995439998761867,0.0038142050000260497
200,1592,0.08,77,kruskals,matrix,0.0038855759999023576,0.004211714999883043
200,1592,0.08,77,prims,list,0.0022252200001275924,0.002346220999925208
200,1592,0.08,77,prims,matrix,0.003076837999969939,0.0033702650000577705
200,1592,0.08,88,kruskals,list,0.003359253000098761,0.003608001999964472
200,1592,0.08,88,kruskals,matrix,0.0037627180001891247,0.004096027999821672
200,1592,0.08,88,prims,list,0.002118713000072603,0.0023519920000580896
200,1592,0.08,88,prims,matrix,0.003159842000059143,0.0035001450000891055
200,1791,0.09,11,kruskals,list,0.00370588299983865,0.003921359000059965
200,1791,0.09,11,kruskals,matrix,0.0040852820000054635,0.004198205999955462
200,1791,0.09,11,prims,list,0.002264582999941922,0.0023846450001201447
200,1791,0.09,11,prims,matrix,0.003221286000098189,0.003376077999973859
200,1791,0.09,22,kruskals,list,0.0037377700000433833,0.003875994000054561
200,1791,0.09,22,kruskals,matrix,0.004098690000091665,0.004290099000172631
200,1791,0.09,22,prims,list,0.00223461599989605,0.002311422000047969
200,1791,0.09,22,prims,matrix,0.0032201079998230853,0.00343794200011871
200,1791,0.09,33,kruskals,list,0.0037815979999322735,0.003941026999882524
200,1791,0.09,33,kruskals,matrix,0.004113443999813171,0.0042835859999286185
200,1791,0.09,33,prims,list,0.002235826000060115,0.0024040650000642927
200,1791,0.09,33,prims,matrix,0.0031970170000477083,0.0033372740001595957
200,1791,0.09,44,kruskals,list,0.0037423089997901116,0.003990106999935961
200,1791,0.09,44,kruskals,matrix,0.004129298999941966,0.004359475999990536
200,1791,0.09,44,prims,list,0.0022823689998858754,0.002463721999902191
200,1791,0.09,44,prims,matrix,0.00328649400012182,0.003471103000038056
200,1791,0.09,55,kruskals,list,0.003831875000059881,0.00403255099990929
200,1791,0.09,55,kruskals,matrix,0.004106614999955127,0.004335826999977144
200,1791,0.09,55,prims,list,0.002340701000093759,0.00244512900007976
200,1791,0.09,55,prims,matrix,0.0032925839998370066,0.0035565339999266143
200,1791,0.09,66,kruskals,list,0.003808932999845638,0.004168666999930792
200,1791,0.09,66,kruskals,matrix,0.004141558999890549,0.004511296999908154
200,1791,0.09,66,prims,list,0.0021889470001497102,0.002422084000045288
200,1791,0.09,66,prims,matrix,0.003219388999923467,0.003669934000072317
200,1791,0.09,77,kruskals,list,0.0037561500000720116,0.004030314999909024
200,1791,0.09,77,kruskals,matrix,0.004085185999883834,0.004230573999848275
200,1791,0.09,77,prims,list,0.0022360220000336994,0.0023848149999139423
200,1791,0.09,77,prims,matrix,0.0032142590000603377,0.003316110000014305
200,1791,0.09,88,kruskals,list,0.0037276870000368945,0.0038220710000587133
200,1791,0.09,88,kruskals,matrix,0.00409526199996435,0.004182508999974743
200,1791,0.09,88,prims,list,0.0022679820001485496,0.0023151179998421867
200,1791,0.09,88,prims,matrix,0.0032250690001092153,0.0033141100000193546
200,1990,0.1,11,kruskals,list,0.004089173000011215,0.004151585000045088
200,1990,0.1,11,kruskals,matrix,0.004393249000031574,0.004478920999872571
200,1990,0.1,11,prims,list,0.0023019689999728143,0.002365546999953949
200,1990,0.1,11,prims,matrix,0.003259986000102799,0.003361465000125463
200,1990,0.1,22,kruskals,list,0.004092883999874175,0.004160265000109575
200,1990,0.1,22,kruskals,matrix,0.004426561999935075,0.004452847000038673
200,1990,0.1,22,prims,list,0.0022927279999294115,0.00235572399992634
200,1990,0.1,22,prims,matrix,0.003261711000050127,0.003354403999992428
200,1990,0.1,33,kruskals,list,0.004080345999909696,0.004126376000158416
200,1990,0.1,33,kruskals,matrix,0.004388923000078648,0.004483964999963064
200,1990,0.1,33,prims,list,0.0023113970000849804,0.0023808249998182873
200,1990,0.1,33,prims,matrix,0.003284392999830743,0.0033612330000778456
200,1990,0.1,44,kruskals,list,0.004102478000049814,0.0041750909999791475
200,1990,0.1,44,kruskals,matrix,0.004424678999839671,0.004474942000115334
200,1990,0.1,44,prims,list,0.0024126679998062173,0.002493440000080227
200,1990,0.1,44,prims,matrix,0.0033213040001101035,0.0034093520000624267
200,1990,0.1,55,kruskals,list,0.004147511999917697,0.004185214000017368
200,1990,0.1,55,kruskals,matrix,0.004429575000131081,0.004508257999987109
200,1990,0.1,55,prims,list,0.0023223849998430524,0.002372397000044657
200,1990,0.1,55,prims,matrix,0.0032717730000513257,0.003347647000055076
200,1990,0.1,66,kruskals,list,0.004149775000087175,0.004229099999975006
200,1990,0.1,66,kruskals,matrix,0.004454887000065355,0.00454134000005979
200,1990,0.1,66,prims,list,0.0023033659999782685,0.0023629099998743186
200,1990,0.1,66,prims,matrix,0.003262779999886334,0.0033110530000612926
200,1990,0.1,77,kruskals,list,0.004126886999983981,0.0042123670000364655
200,1990,0.1,77,kruskals,matrix,0.0044305090000307246,0.00451962499982983
200,1990,0.1,77,prims,list,0.0023224970000228495,0.0023681049999595416
200,1990,0.1,77,prims,matrix,0.0032934200000909186,0.0033571320000191918
200,1990,0.1,88,kruskals,list,0.004149907000055464,0.004267206999884365
200,1990,0.1,88,kruskals,matrix,0.004418619000034596,0.004668199999969147
200,1990,0.1,88,prims,list,0.002357703000143374,0.0024540489998798876
200,1990,0.1,88,prims,matrix,0.003337955000006332,0.0034211060001325677
200,3980,0.2,11,kruskals,list,0.008632642000065971,0.009675151999999798
200,3980,0.2,11,kruskals,matrix,0.008623412999895663,0.009017370000037772
200,3980,0.2,11,prims,list,0.0034857069999816304,0.004016928000055486
200,3980,0.2,11,prims,matrix,0.004306463000148142,0.004515418999972098
200,3980,0.2,22,kruskals,list,0.008520271999941542,0.01069279400007872
200,3980,0.2,22,kruskals,matrix,0.008587658999886116,0.010053374999870357
200,3980,0.2,22,prims,list,0.0034644279999156424,0.003928863000055571
200,3980,0.2,22,prims,matrix,0.004390049999983603,0.004674769000075685
200,3980,0.2,33,kruskals,list,0.008496138000054998,0.009445565000078204
200,3980,0.2,33,kruskals,matrix,0.008435074999852077,0.009305403999860573
200,3980,0.2,33,prims,list,0.0035464919999412814,0.0038325309999436286
200,3980,0.2,33,prims,matrix,0.0044304610000835964,0.004606909999893105
200,3980,0.2,44,kruskals,list,0.008518138999988878,0.008852309999838326
200,3980,0.2,44,kruskals,matrix,0.00828918899992459,0.008621842999900764
200,3980,0.2,44,prims,list,0.003399651999870912,0.003552931000058379
200,3980,0.2,44,prims,matrix,0.00431507899997996,0.004550286000039705
200,3980,0.2,55,kruskals,list,0.008459939999966082,0.00954942199996367
200,3980,0.2,55,kruskals,matrix,0.00828012400006628,0.008829677999983687
200,3980,0.2,55,prims,list,0.003444230000013704,0.0038246850001542043
200,3980,0.2,55,prims,matrix,0.004515942000125506,0.004856697999912285
200,3980,0.2,66,kruskals,list,0.00853214299991123,0.009197092000022167
200,3980,0.2,66,kruskals,matrix,0.008517080000046917,0.008941920999859576
200,3980,0.2,66,prims,list,0.0034481949999189965,0.0037310999998680927
200,3980,0.2,66,prims,matrix,0.0043649040001128014,0.004573853000010786
200,3980,0.2,77,kruskals,list,0.00853962200017122,0.008881061000010959
200,3980,0.2,77,kruskals,matrix,0.008436033000180032,0.008717469999965033
200,3980,0.2,77,prims,list,0.0034952749999774824,0.0036514779999379243
200,3980,0.2,77,prims,matrix,0.004417693000050349,0.0047885129999940546
200,3980,0.2,88,kruskals,list,0.008576308999863613,0.008984790999875258
200,3980,0.2,88,kruskals,matrix,0.008544110999991972,0.008858714000098189
200,3980,0.2,88,prims,list,0.0034104730000308336,0.003627193999818701
200,3980,0.2,88,prims,matrix,0.004419116000008216,0.004614137000089613
200,5970,0.3,11,kruskals,list,0.014330322999967393,0.01641608499994618
200,5970,0.3,11,kruskals,matrix,0.013143946999889522,0.015433524999934889
200,5970,0.3,11,prims,list,0.004561292000062167,0.0052899190000061935
200,5970,0.3,11,prims,matrix,0.005455751999988934,0.006920937999893795
200,5970,0.3,22,kruskals,list,0.013263324000035936,0.01936140899988459
200,5970,0.3,22,kruskals,matrix,0.012542286000098102,0.017250356999966243
200,5970,0.3,22,prims,list,0.00452199399978781,0.00529479200008609
200,5970,0.3,22,prims,matrix,0.005453415999909339,0.00579061600001296
200,5970,0.3,33,kruskals,list,0.013199847999885606,0.013678153999990172
200,5970,0.3,33,kruskals,matrix,0.012556861000120989,0.014295638000021427
200,5970,0.3,33,prims,list,0.004521454000041558,0.005074524000065139
200,5970,0.3,33,prims,matrix,0.005363067999951454,0.005494451999993544
200,5970,0.3,44,kruskals,list,0.013405232999957661,0.014129230999969877
200,5970,0.3,44,kruskals,matrix,0.01251068600004146,0.01380470999993122
200,5970,0.3,44,prims,list,0.0045732450000741665,0.004829606999919633
200,5970,0.3,44,prims,matrix,0.005390239999996993,0.005756108000014137
200,5970,0.3,55,kruskals,list,0.013415411999858406,0.015157949000013105
200,5970,0.3,55,kruskals,matrix,0.012774775000025329,0.013483524000093894
200,5970,0.3,55,prims,list,0.004591608999817254,0.004966256999978214
200,5970,0.3,55,prims,matrix,0.005411722000189911,0.005806496000104744
200,5970,0.3,66,kruskals,list,0.01332069899990529,0.014474329999984548
200,5970,0.3,66,kruskals,matrix,0.01272343899995576,0.013415135000059308
200,5970,0.3,66,prims,list,0.00447967700006302,0.004645057999823621
200,5970,0.3,66,prims,matrix,0.005383846000086123,0.0055829430000358116
200,5970,0.3,77,kruskals,list,0.014038189000075363,0.014515149999851928
200,5970,0.3,77,kruskals,matrix,0.012861029000077906,0.013741012000082264
200,5970,0.3,77,prims,list,0.0046891129998130054,0.004885299000079613
200,5970,0.3,77,prims,matrix,0.00542258799987394,0.005753250999987358
200,5970,0.3,88,kruskals,list,0.013509312999985923,0.02063965799993639
200,5970,0.3,88,kruskals,matrix,0.012825511000073675,0.019853439999906186
200,5970,0.3,88,prims,list,0.004496774000017467,0.007474643000023207
200,5970,0.3,88,prims,matrix,0.0054433770001196535,0.008748445000037464
200,7960,0.4,11,kruskals,list,0.018423798999947394,0.026721403999999893
200,7960,0.4,11,kruskals,matrix,0.01684085899978527,0.0215666889998829
200,7960,0.4,11,prims,list,0.005742621000081272,0.009201107999842861
200,7960,0.4,11,prims,matrix,0.006532477000064318,0.009654843999896912
200,7960,0.4,22,kruskals,list,0.018031377999932374,0.01903799899992009
200,7960,0.4,22,kruskals,matrix,0.017164738000019497,0.017478348000167898
200,7960,0.4,22,prims,list,0.005548070999793708,0.005923772999949506
200,7960,0.4,22,prims,matrix,0.006314300999974876,0.006545206000055259
200,7960,0.4,33,kruskals,list,0.01850835899995218,0.02194328400014456
200,7960,0.4,33,kruskals,matrix,0.017662644999973054,0.01897479099989141
200,7960,0.4,33,prims,list,0.005808713000078569,0.006780828000046313
200,7960,0.4,33,prims,matrix,0.006612838999899395,0.007086600000093313
200,7960,0.4,44,kruskals,list,0.018357284999865442,0.02944209099996442
200,7960,0.4,44,kruskals,matrix,0.018017529999951876,0.023294734999808497
200,7960,0.4,44,prims,list,0.006302846999915346,0.009637771000143402
200,7960,0.4,44,prims,matrix,0.006369910000103118,0.007768334000047616
200,7960,0.4,55,kruskals,list,0.018338475999826187,0.021211600000015096
200,7960,0.4,55,kruskals,matrix,0.016880010000022594,0.020662445999960255
200,7960,0.4,55,prims,list,0.005727919000037218,0.006637603999934072
200,7960,0.4,55,prims,matrix,0.0063383340000200405,0.007095992000131446
200,7960,0.4,66,kruskals,list,0.017837131999840494,0.023991969000007884
200,7960,0.4,66,kruskals,matrix,0.016752197999949203,0.02130385100008425
200,7960,0.4,66,prims,list,0.005637420000084603,0.006277366999938749
200,7960,0.4,66,prims,matrix,0.006258225999999922,0.007256066999843824
200,7960,0.4,77,kruskals,list,0.018118146000006163,0.019531349000089904
200,7960,0.4,77,kruskals,matrix,0.01690911000014239,0.017995897999981025
200,7960,0.4,77,prims,list,0.005586409999978059,0.005939319999924919
200,7960,0.4,77,prims,matrix,0.006421186999887141,0.0068723500000942295
200,7960,0.4,88,kruskals,list,0.018165541999906054,0.018833491000123104
200,7960,0.4,88,kruskals,matrix,0.01721465199989325,0.0179789730000266
200,7960,0.4,88,prims,list,0.0056099299999914365,0.00589964300002066
200,7960,0.4,88,prims,matrix,0.006255187000078877,0.00658618700003899
200,9950,0.5,11,kruskals,list,0.023613051999973322,0.028350638999881994
200,9950,0.5,11,kruskals,matrix,0.021927246999894123,0.024316742999872076
200,9950,0.5,11,prims,list,0.00730979800005116,0.008096376000139571
200,9950,0.5,11,prims,matrix,0.007344942999907289,0.008581282000022838
200,9950,0.5,22,kruskals,list,0.02387234200000421,0.026806440999962433
200,9950,0.5,22,kruskals,matrix,0.021657148000031157,0.024418497999931787
200,9950,0.5,22,prims,list,0.006880290000026434,0.00742608299992753
200,9950,0.5,22,prims,matrix,0.007373960999984774,0.007723640999984127
200,9950,0.5,33,kruskals,list,0.023738300999866624,0.02522524500000145
200,9950,0.5,33,kruskals,matrix,0.021708872000090196,0.024123634000034144
200,9950,0.5,33,prims,list,0.0068092129999968165,0.007404818000168234
200,9950,0.5,33,prims,matrix,0.00742772600005992,0.007928946999982145
200,9950,0.5,44,kruskals,list,0.024060505999841553,0.02665105500000209
200,9950,0.5,44,kruskals,matrix,0.02206504900004802,0.02301900900010878
200,9950,0.5,44,prims,list,0.006975328000180525,0.00750549500003217
200,9950,0.5,44,prims,matrix,0.007337278000022707,0.0078013410000039585
200,9950,0.5,55,kruskals,list,0.024132264000172654,0.02589821399988068
200,9950,0.5,55,kruskals,matrix,0.0220625569997992,0.024238362999994933
200,9950,0.5,55,prims,list,0.0068635590000667435,0.007387829999970563
200,9950,0.5,55,prims,matrix,0.007322026000110782,0.008061460000135412
200,9950,0.5,66,kruskals,list,0.023362771999927645,0.02531485400004385
200,9950,0.5,66,kruskals,matrix,0.02147358999991411,0.022845872000061718
200,9950,0.5,66,prims,list,0.00669737799989889,0.007199544000059177
200,9950,0.5,66,prims,matrix,0.007227902999829894,0.007516341999917131
200,9950,0.5,77,kruskals,list,0.023391650999883495,0.024820888000022023
200,9950,0.5,77,kruskals,matrix,0.021321985999975368,0.022918073000028016
200,9950,0.5,77,prims,list,0.0069252509999842005,0.007283021999910488
200,9950,0.5,77,prims,matrix,0.0073155039999619476,0.007955132000006415
200,9950,0.5,88,kruskals,list,0.02326173699998435,0.02558465700008128
200,9950,0.5,88,kruskals,matrix,0.0216750619999857,0.02287113300008059
200,9950,0.5,88,prims,list,0.006670160000112446,0.0074208190001172625
200,9950,0.5,88,prims,matrix,0.007252419999986159,0.008178826999937883
200,11940,0.6,11,kruskals,list,0.028538235000041823,0.033549835000030725
200,11940,0.6,11,kruskals,matrix,0.026305915999955687,0.03263515000003281
200,11940,0.6,11,prims,list,0.008141705000070942,0.008496442999785359
200,11940,0.6,11,prims,matrix,0.008046564999858674,0.01047354299998915
200,11940,0.6,22,kruskals,list,0.028117260000044553,0.030335564000097293
200,11940,0.6,22,kruskals,matrix,0.025825428999951328,0.029101098999944952
200,11940,0.6,22,prims,list,0.00774906599986025,0.008562764000089373
200,11940,0.6,22,prims,matrix,0.00806295899997167,0.008526662000122087
200,11940,0.6,33,kruskals,list,0.028133343000035893,0.028759554000089338
200,11940,0.6,33,kruskals,matrix,0.02580167800010713,0.026303837999876123
200,11940,0.6,33,prims,list,0.0077562599999509985,0.00819104599986531
200,11940,0.6,33,prims,matrix,0.007998345000032714,0.008165052000094875
200,11940,0.6,44,kruskals,list,0.0280333900000187,0.030393279000008988
200,11940,0.6,44,kruskals,matrix,0.026069141000107265,0.028455259000111255
200,11940,0.6,44,prims,list,0.00793378200000916,0.008456901000045036
200,11940,0.6,44,prims,matrix,0.008146312000008038,0.008684702999971705
200,11940,0.6,55,kruskals,list,0.02873026099996423,0.0325695659998928
200,11940,0.6,55,kruskals,matrix,0.026761376999957065,0.028236794000122245
200,11940,0.6,55,prims,list,0.007976470000130575,0.008464394999919023
200,11940,0.6,55,prims,matrix,0.008122464000052787,0.008658111000158897
200,11940,0.6,66,kruskals,list,0.029130722999980208,0.0349118520000502
200,11940,0.6,66,kruskals,matrix,0.02725284300004205,0.03221896700006255
200,11940,0.6,66,prims,list,0.008055275999822697,0.010406516999864834
200,11940,0.6,66,prims,matrix,0.008475825999994413,0.011162790000071254
200,11940,0.6,77,kruskals,list,0.027960773999893718,0.02913810400013972
200,11940,0.6,77,kruskals,matrix,0.025777162999929715,0.026423256999805744
200,11940,0.6,77,prims,list,0.0077744099999108585,0.007912818000022526
200,11940,0.6,77,prims,matrix,0.007992479999984425,0.008528577000106452
200,11940,0.6,88,kruskals,list,0.02808442700006708,0.033067671000026166
200,11940,0.6,88,kruskals,matrix,0.02572034199988593,0.03466397099987262
200,11940,0.6,88,prims,list,0.007741394000049695,0.007789463000108299
200,11940,0.6,88,prims,matrix,0.00795294699992155,0.008409172000028775
200,13930,0.7,11,kruskals,list,0.03311499400001594,0.03429963899998256
200,13930,0.7,11,kruskals,matrix,0.03026673700014726,0.03141101799997159
200,13930,0.7,11,prims,list,0.008840649999910966,0.009250082999869846
200,13930,0.7,11,prims,matrix,0.00886677299990879,0.009071716000107699
200,13930,0.7,22,kruskals,list,0.0335748230002082,0.03638470500004587
200,13930,0.7,22,kruskals,matrix,0.03048122399991371,0.03670830400005798
200,13930,0.7,22,prims,list,0.009039361999839457,0.009710289000167904
200,13930,0.7,22,prims,matrix,0.008925197999815282,0.009398920000194266
200,13930,0.7,33,kruskals,list,0.03360734200009574,0.03659371800017652
200,13930,0.7,33,kruskals,matrix,0.030750354000019797,0.03483599099990897
200,13930,0.7,33,prims,list,0.009029223999959868,0.010162117000163562
200,13930,0.7,33,prims,matrix,0.009021611999969537,0.010529566000059276
200,13930,0.7,44,kruskals,list,0.03362295199985965,0.03565347000017027
200,13930,0.7,44,kruskals,matrix,0.03120165499990435,0.03317141399998036
200,13930,0.7,44,prims,list,0.009009484999978667,0.009994227000106548
200,13930,0.7,44,prims,matrix,0.008985033000044496,0.01021699200009607
200,13930,0.7,55,kruskals,list,0.03279172700013078,0.03390162200003033
200,13930,0.7,55,kruskals,matrix,0.030143026999894573,0.03184200400005466
200,13930,0.7,55,prims,list,0.008885728999985076,0.009230002000094828
200,13930,0.7,55,prims,matrix,0.008867043999998714,0.011106638999990537
200,13930,0.7,66,kruskals,list,0.03314502400007768,0.03524462000018502
200,13930,0.7,66,kruskals,matrix,0.03085881500010146,0.03236545999993723
200,13930,0.7,66,prims,list,0.008848422000028222,0.009643657999959032
200,13930,0.7,66,prims,matrix,0.00901635900004294,0.009230280999872775
200,13930,0.7,77,kruskals,list,0.0338602090000677,0.0357543769998756
200,13930,0.7,77,kruskals,matrix,0.03119517300001462,0.032667868000089584
200,13930,0.7,77,prims,list,0.009237587999905372,0.010047766000070624
200,13930,0.7,77,prims,matrix,0.00899469599994518,0.009689926999953968
200,13930,0.7,88,kruskals,list,0.034811311999874306,0.03806942199980767
200,13930,0.7,88,kruskals,matrix,0.03248867499996777,0.033590951999940444
200,13930,0.7,88,prims,list,0.009012067999947249,0.009732701999837445
200,13930,0.7,88,prims,matrix,0.009099648999836063,0.00968020000004799
200,15920,0.8,11,kruskals,list,0.03817243799994685,0.03991971999994348
200,15920,0.8,11,kruskals,matrix,0.03472714700001234,0.037427436999905694
200,15920,0.8,11,prims,list,0.010225929000171163,0.010961375999841039
200,15920,0.8,11,prims,matrix,0.009828574000039225,0.016400730999976076
200,15920,0.8,22,kruskals,list,0.03985583299981954,0.04262575300003846
200,15920,0.8,22,kruskals,matrix,0.03561160399999608,0.03814187900002253
200,15920,0.8,22,prims,list,0.010140885000055277,0.011087863000057041
200,15920,0.8,22,prims,matrix,0.009769320000032167,0.010587322999981552
200,15920,0.8,33,kruskals,list,0.04095180599983905,0.04543725700000323
200,15920,0.8,33,kruskals,matrix,0.03502271899992593,0.041735403000075166
200,15920,0.8,33,prims,list,0.010380105999956868,0.012305923999974766
200,15920,0.8,33,prims,matrix,0.010208157000079154,0.012317701000029047
200,15920,0.8,44,kruskals,list,0.03847289500004081,0.04263044999993326
200,15920,0.8,44,kruskals,matrix,0.03541210200000933,0.040152646000024106
200,15920,0.8,44,prims,list,0.01002031400003034,0.0132482040000923
200,15920,0.8,44,prims,matrix,0.009639918999937436,0.012182631000086985
200,15920,0.8,55,kruskals,list,0.03917433499987055,0.050267730000086885
200,15920,0.8,55,kruskals,matrix,0.03479465300006268,0.03776275099994564
200,15920,0.8,55,prims,list,0.010087005000059435,0.01125234799997088
200,15920,0.8,55,prims,matrix,0.009732166000048892,0.010913090999792985
200,15920,0.8,66,kruskals,list,0.03941161100010504,0.041190881999909834
200,15920,0.8,66,kruskals,matrix,0.03492287500012026,0.03791710900009093
200,15920,0.8,66,prims,list,0.010129464000101507,0.010696033999920473
200,15920,0.8,66,prims,matrix,0.009832883999933983,0.010683185000061712
200,15920,0.8,77,kruskals,list,0.040576985000143395,0.04678043500007334
200,15920,0.8,77,kruskals,matrix,0.03480624999997417,0.041465725000080056
200,15920,0.8,77,prims,list,0.01023024500000247,0.011300819000098272
200,15920,0.8,77,prims,matrix,0.009674871000015628,0.010099796000076822
200,15920,0.8,88,kruskals,list,0.0400562859999809,0.04222982999999658
200,15920,0.8,88,kruskals,matrix,0.035485918999938804,0.03750404900006288
200,15920,0.8,88,prims,list,0.010404909000044427,0.010574247000022297
200,15920,0.8,88,prims,matrix,0.00977313399994273,0.010469617000126163
200,17910,0.9,11,kruskals,list,0.043782599999985905,0.046746647999952984
200,17910,0.9,11,kruskals,matrix,0.039463305000026594,0.04177764900009606
200,17910,0.9,11,prims,list,0.011203750000049695,0.011682133000022077
200,17910,0.9,11,prims,matrix,0.010426750999840806,0.010621254999932717
200,17910,0.9,22,kruskals,list,0.04498204900005476,0.04676737099998718
200,17910,0.9,22,kruskals,matrix,0.040595581999923525,0.04325329499988584
200,17910,0.9,22,prims,list,0.011518230000092444,0.0122915209999519
200,17910,0.9,22,prims,matrix,0.01047782399996322,0.010786329999973532
200,17910,0.9,33,kruskals,list,0.0445858110001609,0.05293706100019335
200,17910,0.9,33,kruskals,matrix,0.04093235300001652,0.0510296880001988
200,17910,0.9,33,prims,list,0.01126644100008889,0.013813703999858262
200,17910,0.9,33,prims,matrix,0.010445271000207867,0.015363488000048164
200,17910,0.9,44,kruskals,list,0.04466643599994313,0.046443142000043736
200,17910,0.9,44,kruskals,matrix,0.04080374099999062,0.042055524000033984
200,17910,0.9,44,prims,list,0.011215940999818486,0.011995937999927264
200,17910,0.9,44,prims,matrix,0.01052617300001657,0.011004003999914858
200,17910,0.9,55,kruskals,list,0.045334652000065034,0.05073688899983608
200,17910,0.9,55,kruskals,matrix,0.041468550999979925,0.04740830400010054
200,17910,0.9,55,prims,list,0.011483394000151748,0.012695173000111026
200,17910,0.9,55,prims,matrix,0.01063345800002935,0.012281948999998349
200,17910,0.9,66,kruskals,list,0.04905276599993158,0.07435223400011637
200,17910,0.9,66,kruskals,matrix,0.041456229000004896,0.06232623000005333
200,17910,0.9,66,prims,list,0.01182501899984345,0.020061682999994446
200,17910,0.9,66,prims,matrix,0.010636609000130193,0.019497021000006498
200,17910,0.9,77,kruskals,list,0.043906615999958376,0.04499927999995634
200,17910,0.9,77,kruskals,matrix,0.039591714999914984,0.04016391300001487
200,17910,0.9,77,prims,list,0.011237992999895141,0.011559668000018064
200,17910,0.9,77,prims,matrix,0.01050149100001363,0.010591277999992599
200,17910,0.9,88,kruskals,list,0.0448431370000435,0.04678834299988921
200,17910,0.9,88,kruskals,matrix,0.040081350000036764,0.04206871799988221
200,17910,0.9,88,prims,list,0.011134611999978006,0.011952119000170569
200,17910,0.9,88,prims,matrix,0.010413269000082437,0.010699789999989662
200,18905,0.95,11,kruskals,list,0.04765504300007706,0.05765288900011001
200,18905,0.95,11,kruskals,matrix,0.04182840700013912,0.046754213999975036
200,18905,0.95,11,prims,list,0.011660169000151654,0.014728004000062356
200,18905,0.95,11,prims,matrix,0.010722994999923685,0.012514516999999614
200,18905,0.95,22,kruskals,list,0.048417706000009275,0.050522693999937474
200,18905,0.95,22,kruskals,matrix,0.04321822099996098,0.0460092790001454
200,18905,0.95,22,prims,list,0.012256429999979446,0.012729967000041142
200,18905,0.95,22,prims,matrix,0.01101116700010607,0.011422136999954091
200,18905,0.95,33,kruskals,list,0.04691772700016372,0.05215185500014741
200,18905,0.95,33,kruskals,matrix,0.041972030000124505,0.04574565999996594
200,18905,0.95,33,prims,list,0.011620514000014737,0.012547910999956002
200,18905,0.95,33,prims,matrix,0.010803327000076024,0.011680042000079993
200,18905,0.95,44,kruskals,list,0.04771464200007358,0.05200309799988645
200,18905,0.95,44,kruskals,matrix,0.04234434499994677,0.04706225400013864
200,18905,0.95,44,prims,list,0.011777799000128653,0.012732203000041409
200,18905,0.95,44,prims,matrix,0.010800514000038675,0.011225497000168616
200,18905,0.95,55,kruskals,list,0.04643501700002162,0.047986435999973764
200,18905,0.95,55,kruskals,matrix,0.04148230999999214,0.04269885999997314
200,18905,0.95,55,prims,list,0.011922368000114147,0.012133081000001766
200,18905,0.95,55,prims,matrix,0.010858949999828837,0.01101087600000028
200,18905,0.95,66,kruskals,list,0.04878980700004831,0.052066348999915135
200,18905,0.95,66,kruskals,matrix,0.04330268300009266,0.04805950200011466
200,18905,0.95,66,prims,list,0.011704168999813191,0.013722141000016563
200,18905,0.95,66,prims,matrix,0.011104557000180648,0.011984126000015749
200,18905,0.95,77,kruskals,list,0.05290888800004723,0.07086096300008649
200,18905,0.95,77,kruskals,matrix,0.043086578000156806,0.06748616300001231
200,18905,0.95,77,prims,list,0.011994557999969402,0.015886345999888363
200,18905,0.95,77,prims,matrix,0.011119850000113729,0.018290860999968572
200,18905,0.95,88,kruskals,list,0.04829020700003639,0.0527860709999004
200,18905,0.95,88,kruskals,matrix,0.04409463999991203,0.04724096099994313
200,18905,0.95,88,prims,list,0.012155260999861639,0.01301388699994277
200,18905,0.95,88,prims,matrix,0.011079205999976693,0.013036526999940179
200,19900,1.0,11,kruskals,list,0.05424925700003769,0.05938318399989839
200,19900,1.0,11,kruskals,matrix,0.046182109000028504,0.054083473999980924
200,19900,1.0,11,prims,list,0.012879227999974319,0.014181440999891493
200,19900,1.0,11,prims,matrix,0.01108463200012011,0.014210559000048306
200,19900,1.0,22,kruskals,list,0.04987275400003455,0.06803458300009879
200,19900,1.0,22,kruskals,matrix,0.04512443499993424,0.06124455000008311
200,19900,1.0,22,prims,list,0.012473249000095166,0.01849831799995627
200,19900,1.0,22,prims,matrix,0.011234042000069167,0.013122858999849996
200,19900,1.0,33,kruskals,list,0.05321581399994102,0.0665735620000305
200,19900,1.0,33,kruskals,matrix,0.04514956500020162,0.05355989399981809
200,19900,1.0,33,prims,list,0.012849322999954893,0.014367600000014136
200,19900,1.0,33,prims,matrix,0.011194228000022122,0.013247399999954723
200,19900,1.0,44,kruskals,list,0.053093491000026916,0.059516516000030606
200,19900,1.0,44,kruskals,matrix,0.0474213279999276,0.05690983799991045
200,19900,1.0,44,prims,list,0.012820205000025453,0.014324620000024879
200,19900,1.0,44,prims,matrix,0.011482272999955967,0.013328752000006716
200,19900,1.0,55,kruskals,list,0.05187961499996163,0.06473816400011856
200,19900,1.0,55,kruskals,matrix,0.04599870600009126,0.05289938600003552
200,19900,1.0,55,prims,list,0.013557514000012816,0.015471942999965904
200,19900,1.0,55,prims,matrix,0.011285196000017095,0.015155662000097436
200,19900,1.0,66,kruskals,list,0.05118054200011102,0.05829769499996473
200,19900,1.0,66,kruskals,matrix,0.04603455699998449,0.047863411000207634
200,19900,1.0,66,prims,list,0.012770566999961375,0.01503573500008315
200,19900,1.0,66,prims,matrix,0.011269002000062756,0.012098448999950051
200,19900,1.0,77,kruskals,list,0.05000841100013531,0.07416588099999899
200,19900,1.0,77,kruskals,matrix,0.05059153999991395,0.06665060299997094
200,19900,1.0,77,prims,list,0.012564999000005628,0.019236377999959586
200,19900,1.0,77,prims,matrix,0.011555092000207878,0.01772881800002324
200,19900,1.0,88,kruskals,list,0.04943900200009921,0.055100052999932814
200,19900,1.0,88,kruskals,matrix,0.04561547299999802,0.049736639999991894
200,19900,1.0,88,prims,list,0.012526772999990499,0.01351886099996591
200,19900,1.0,88,prims,matrix,0.01131004900003063,0.011897180000005392
400,399,0.005,11,kruskals,list,0.0011250679999648128,0.0011779569999816886
400,399,0.005,11,kruskals,matrix,0.004118774000062331,0.004269454999985101
400,399,0.005,11,prims,list,0.0026692829999319656,0.002711765999947602
400,399,0.005,11,prims,matrix,0.006870540000136316,0.007112808000101722
400,399,0.005,22,kruskals,list,0.0011090950001744204,0.001135999000098309
400,399,0.005,22,kruskals,matrix,0.003888189000008424,0.0041360949999216245
400,399,0.005,22,prims,list,0.0026157750000948,0.002675328999885096
400,399,0.005,22,prims,matrix,0.00679148999984136,0.006997458999876471
400,399,0.005,33,kruskals,list,0.0011079099999733444,0.0011531140000897722
400,399,0.005,33,kruskals,matrix,0.003965271999959441,0.004099596999822097
400,399,0.005,33,prims,list,0.0026309390000278654,0.0027251460001025407
400,399,0.005,33,prims,matrix,0.0067650940000021365,0.006870383999967089
400,399,0.005,44,kruskals,list,0.0011148399999001413,0.0012235860001510446
400,399,0.005,44,kruskals,matrix,0.004097710999985793,0.0043635930001073575
400,399,0.005,44,prims,list,0.0025406849999853875,0.002729116999944381
400,399,0.005,44,prims,matrix,0.006802814999900875,0.0071145350000278995
400,1596,0.02,11,kruskals,list,0.0038031720000617497,0.004115494999950897
400,1596,0.02,11,kruskals,matrix,0.006620607000058953,0.007130117000087921
400,1596,0.02,11,prims,list,0.003919494000001578,0.004064744000061182
400,1596,0.02,11,prims,matrix,0.00806767399990349,0.008505805999902805
400,1596,0.02,22,kruskals,list,0.003835370999922816,0.003925734999938868
400,1596,0.02,22,kruskals,matrix,0.006507882999812864,0.006709275000048365
400,1596,0.02,22,prims,list,0.00388091800004986,0.003984105000199634
400,1596,0.02,22,prims,matrix,0.008052959999986342,0.0082597480000004
400,1596,0.02,33,kruskals,list,0.0037555949998022697,0.0037983289998919645
400,1596,0.02,33,kruskals,matrix,0.006351874000074531,0.006562464000126056
400,1596,0.02,33,prims,list,0.0038880049999079347,0.003937079999786874
400,1596,0.02,33,prims,matrix,0.008059597000055874,0.008194588999913321
400,1596,0.02,44,kruskals,list,0.003902250000010099,0.003971952000028978
400,1596,0.02,44,kruskals,matrix,0.006520697000041764,0.006707741999889549
400,1596,0.02,44,prims,list,0.003818641000179923,0.0038994660001208103
400,1596,0.02,44,prims,matrix,0.008054485999991812,0.00835192099998494
400,3990,0.05,11,kruskals,list,0.0090082239998992,0.009145677000105934
400,3990,0.05,11,kruskals,matrix,0.011069258000134141,0.01123779999988983
400,3990,0.05,11,prims,list,0.005428002000144261,0.005617862999997669
400,3990,0.05,11,prims,matrix,0.00954618500009019,0.009734444000059739
400,3990,0.05,22,kruskals,list,0.008980836000091585,0.009143601999994644
400,3990,0.05,22,kruskals,matrix,0.011070325999980923,0.011267140999962066
400,3990,0.05,22,prims,list,0.005401586000061798,0.005499075999978231
400,3990,0.05,22,prims,matrix,0.009547152000095593,0.009650514000213661
400,3990,0.05,33,kruskals,list,0.009020021999958772,0.0092403399999057
400,3990,0.05,33,kruskals,matrix,0.011144631999968624,0.011282281000148942
400,3990,0.05,33,prims,list,0.0054688489999534795,0.005544302999851425
400,3990,0.05,33,prims,matrix,0.009639642999900389,0.009718542999962665
400,3990,0.05,44,kruskals,list,0.009203544000001784,0.009320283000079144
400,3990,0.05,44,kruskals,matrix,0.011282720000053814,0.011419503000070108
400,3990,0.05,44,prims,list,0.005517856000096799,0.005594456999915565
400,3990,0.05,44,prims,matrix,0.00960416099997019,0.009718639000084295
400,7980,0.1,11,kruskals,list,0.019254982999882486,0.019420433000050252
400,7980,0.1,11,kruskals,matrix,0.019746106999946278,0.019953745000066192
400,7980,0.1,11,prims,list,0.007909362999953373,0.00801147100014532
400,7980,0.1,11,prims,matrix,0.011662315999956263,0.011801245000015115
400,7980,0.1,22,kruskals,list,0.018579401999886613,0.018792735000033645
400,7980,0.1,22,kruskals,matrix,0.01955685400002949,0.019728780999912487
400,7980,0.1,22,prims,list,0.007786891000023388,0.007936439000104656
400,7980,0.1,22,prims,matrix,0.01171849000002112,0.011909527000170783
400,7980,0.1,33,kruskals,list,0.018634327999961897,0.019303024000009827
400,7980,0.1,33,kruskals,matrix,0.01956302600001436,0.02006179900013194
400,7980,0.1,33,prims,list,0.007905459000085102,0.008058995000055802
400,7980,0.1,33,prims,matrix,0.011739338000097632,0.012082132999921669
400,7980,0.1,44,kruskals,list,0.01948788599997897,0.021024397000019235
400,7980,0.1,44,kruskals,matrix,0.020077177000075608,0.024615390999997544
400,7980,0.1,44,prims,list,0.007980026000041107,0.008583759000202917
400,7980,0.1,44,prims,matrix,0.011923801999955685,0.013084576999972342
400,39900,0.5,11,kruskals,list,0.11251694100019449,0.12433298299993112
400,39900,0.5,11,kruskals,matrix,0.10319844900004682,0.11629252600005202
400,39900,0.5,11,prims,list,0.027877459000137605,0.030517787000007957
400,39900,0.5,11,prims,matrix,0.027485516000069765,0.029259698000032586
400,39900,0.5,22,kruskals,list,0.11807753200014304,0.13967849400000887
400,39900,0.5,22,kruskals,matrix,0.103125873999943,0.12234002899981533
400,39900,0.5,22,prims,list,0.02892887799998789,0.04008594899983109
400,39900,0.5,22,prims,matrix,0.027560173999972903,0.04262337699992713
400,39900,0.5,33,kruskals,list,0.11363875400002144,0.15167699899984655
400,39900,0.5,33,kruskals,matrix,0.10369131200013726,0.13048327800015613
400,39900,0.5,33,prims,list,0.028728144000069733,0.03637731700018776
400,39900,0.5,33,prims,matrix,0.027644056000099226,0.03327179799998703
400,39900,0.5,44,kruskals,list,0.1124538130000019,0.11520171500001197
400,39900,0.5,44,kruskals,matrix,0.10204579299988836,0.10758517199997186
400,39900,0.5,44,prims,list,0.029299576000084926,0.0311070650000147
400,39900,0.5,44,prims,matrix,0.027493688000049588,0.028256304999786153
400,71820,0.9,11,kruskals,list,0.22503570200001377,0.3372003450001557
400,71820,0.9,11,kruskals,matrix,0.19688938000012968,0.24067988299998433
400,71820,0.9,11,prims,list,0.0547620789998291,0.06606842299993332
400,71820,0.9,11,prims,matrix,0.040187518000038835,0.050510914999904344
400,71820,0.9,22,kruskals,list,0.21978405400000156,0.2621062210000673
400,71820,0.9,22,kruskals,matrix,0.19725134200007233,0.21444968900004824
400,71820,0.9,22,prims,list,0.05251847999988968,0.05903099800002565
400,71820,0.9,22,prims,matrix,0.041199338000069474,0.04251266100004614
400,71820,0.9,33,kruskals,list,0.22421552700006941,0.2526073900000938
400,71820,0.9,33,kruskals,matrix,0.20120926300000974,0.23691057399992133
400,71820,0.9,33,prims,list,0.05421474299987494,0.06000502200004121
400,71820,0.9,33,prims,matrix,0.04036672899997029,0.043996922000133054
400,71820,0.9,44,kruskals,list,0.2317329449999761,0.25368161400001554
400,71820,0.9,44,kruskals,matrix,0.20435358600002473,0.22758316699992065
400,71820,0.9,44,prims,list,0.05522254100014834,0.06502825300003678
400,71820,0.9,44,prims,matrix,0.04101739600014298,0.05307509499994012
400,79800,1.0,11,kruskals,list,0.2594351820000611,0.2731160069999987
400,79800,1.0,11,kruskals,matrix,0.2271411409999473,0.23759262999988096
400,79800,1.0,11,prims,list,0.05869956999981696,0.06859455600010733
400,79800,1.0,11,prims,matrix,0.043269427999803156,0.049483596000072794
400,79800,1.0,22,kruskals,list,0.2585224190002009,0.3343223169999874
400,79800,1.0,22,kruskals,matrix,0.23234236400003283,0.268653686000107
400,79800,1.0,22,prims,list,0.06259130100011134,0.08447942900011185
400,79800,1.0,22,prims,matrix,0.04401949099997182,0.052070304999915606
400,79800,1.0,33,kruskals,list,0.2612394390000645,0.3538749120000375
400,79800,1.0,33,kruskals,matrix,0.23183424500007277,0.2530807130001449
400,79800,1.0,33,prims,list,0.06256712599997627,0.07089765400019132
400,79800,1.0,33,prims,matrix,0.043669411999871954,0.04959634300007565
400,79800,1.0,44,kruskals,list,0.2598374670001249,0.3074777140000151
400,79800,1.0,44,kruskals,matrix,0.2279655150000508,0.25029141200002414
400,79800,1.0,44,prims,list,0.06239465500016195,0.07982618799996999
400,79800,1.0,44,prims,matrix,0.04444210900010148,0.049669277000020884
